BEGIN TRANSACTION;
CREATE TABLE "auth_group" ("id" integer NOT NULL PRIMARY KEY AUTOINCREMENT, "name" varchar(150) NOT NULL UNIQUE);
CREATE TABLE "auth_group_permissions" ("id" integer NOT NULL PRIMARY KEY AUTOINCREMENT, "group_id" integer NOT NULL REFERENCES "auth_group" ("id") DEFERRABLE INITIALLY DEFERRED, "permission_id" integer NOT NULL REFERENCES "auth_permission" ("id") DEFERRABLE INITIALLY DEFERRED);
CREATE TABLE "auth_permission" ("id" integer NOT NULL PRIMARY KEY AUTOINCREMENT, "content_type_id" integer NOT NULL REFERENCES "django_content_type" ("id") DEFERRABLE INITIALLY DEFERRED, "codename" varchar(100) NOT NULL, "name" varchar(255) NOT NULL);
INSERT INTO "auth_permission" VALUES(1,1,'add_logentry','Can add log entry');
INSERT INTO "auth_permission" VALUES(2,1,'change_logentry','Can change log entry');
INSERT INTO "auth_permission" VALUES(3,1,'delete_logentry','Can delete log entry');
INSERT INTO "auth_permission" VALUES(4,1,'view_logentry','Can view log entry');
INSERT INTO "auth_permission" VALUES(5,2,'add_permission','Can add permission');
INSERT INTO "auth_permission" VALUES(6,2,'change_permission','Can change permission');
INSERT INTO "auth_permission" VALUES(7,2,'delete_permission','Can delete permission');
INSERT INTO "auth_permission" VALUES(8,2,'view_permission','Can view permission');
INSERT INTO "auth_permission" VALUES(9,3,'add_group','Can add group');
INSERT INTO "auth_permission" VALUES(10,3,'change_group','Can change group');
INSERT INTO "auth_permission" VALUES(11,3,'delete_group','Can delete group');
INSERT INTO "auth_permission" VALUES(12,3,'view_group','Can view group');
INSERT INTO "auth_permission" VALUES(13,4,'add_user','Can add user');
INSERT INTO "auth_permission" VALUES(14,4,'change_user','Can change user');
INSERT INTO "auth_permission" VALUES(15,4,'delete_user','Can delete user');
INSERT INTO "auth_permission" VALUES(16,4,'view_user','Can view user');
INSERT INTO "auth_permission" VALUES(17,5,'add_contenttype','Can add content type');
INSERT INTO "auth_permission" VALUES(18,5,'change_contenttype','Can change content type');
INSERT INTO "auth_permission" VALUES(19,5,'delete_contenttype','Can delete content type');
INSERT INTO "auth_permission" VALUES(20,5,'view_contenttype','Can view content type');
INSERT INTO "auth_permission" VALUES(21,6,'add_session','Can add session');
INSERT INTO "auth_permission" VALUES(22,6,'change_session','Can change session');
INSERT INTO "auth_permission" VALUES(23,6,'delete_session','Can delete session');
INSERT INTO "auth_permission" VALUES(24,6,'view_session','Can view session');
INSERT INTO "auth_permission" VALUES(25,7,'add_token','Can add Token');
INSERT INTO "auth_permission" VALUES(26,7,'change_token','Can change Token');
INSERT INTO "auth_permission" VALUES(27,7,'delete_token','Can delete Token');
INSERT INTO "auth_permission" VALUES(28,7,'view_token','Can view Token');
INSERT INTO "auth_permission" VALUES(29,8,'add_tokenproxy','Can add Token');
INSERT INTO "auth_permission" VALUES(30,8,'change_tokenproxy','Can change Token');
INSERT INTO "auth_permission" VALUES(31,8,'delete_tokenproxy','Can delete Token');
INSERT INTO "auth_permission" VALUES(32,8,'view_tokenproxy','Can view Token');
INSERT INTO "auth_permission" VALUES(33,9,'add_fiksator','Can add крепежа');
INSERT INTO "auth_permission" VALUES(34,9,'change_fiksator','Can change крепежа');
INSERT INTO "auth_permission" VALUES(35,9,'delete_fiksator','Can delete крепежа');
INSERT INTO "auth_permission" VALUES(36,9,'view_fiksator','Can view крепежа');
INSERT INTO "auth_permission" VALUES(37,10,'add_automat','Can add Модель автомата');
INSERT INTO "auth_permission" VALUES(38,10,'change_automat','Can change Модель автомата');
INSERT INTO "auth_permission" VALUES(39,10,'delete_automat','Can delete Модель автомата');
INSERT INTO "auth_permission" VALUES(40,10,'view_automat','Can view Модель автомата');
INSERT INTO "auth_permission" VALUES(41,11,'add_contactor','Can add Модель контактора');
INSERT INTO "auth_permission" VALUES(42,11,'change_contactor','Can change Модель контактора');
INSERT INTO "auth_permission" VALUES(43,11,'delete_contactor','Can delete Модель контактора');
INSERT INTO "auth_permission" VALUES(44,11,'view_contactor','Can view Модель контактора');
INSERT INTO "auth_permission" VALUES(45,12,'add_cabinet','Can add Модель шкафа');
INSERT INTO "auth_permission" VALUES(46,12,'change_cabinet','Can change Модель шкафа');
INSERT INTO "auth_permission" VALUES(47,12,'delete_cabinet','Can delete Модель шкафа');
INSERT INTO "auth_permission" VALUES(48,12,'view_cabinet','Can view Модель шкафа');
INSERT INTO "auth_permission" VALUES(49,13,'add_abr','Can add Модель АВР');
INSERT INTO "auth_permission" VALUES(50,13,'change_abr','Can change Модель АВР');
INSERT INTO "auth_permission" VALUES(51,13,'delete_abr','Can delete Модель АВР');
INSERT INTO "auth_permission" VALUES(52,13,'view_abr','Can view Модель АВР');
CREATE TABLE "auth_user" ("id" integer NOT NULL PRIMARY KEY AUTOINCREMENT, "password" varchar(128) NOT NULL, "last_login" datetime NULL, "is_superuser" bool NOT NULL, "username" varchar(150) NOT NULL UNIQUE, "last_name" varchar(150) NOT NULL, "email" varchar(254) NOT NULL, "is_staff" bool NOT NULL, "is_active" bool NOT NULL, "date_joined" datetime NOT NULL, "first_name" varchar(150) NOT NULL);
INSERT INTO "auth_user" VALUES(1,'pbkdf2_sha256$870000$QPE3TybFgB3n4I5YUr2798$DY0qO+v2qagRVEm/KjMCb54yS7/myVNFvOyskAn4jDI=','2026-06-23 06:34:15.710917',1,'admin','','',1,1,'2026-06-23 01:55:22.495045','');
CREATE TABLE "auth_user_groups" ("id" integer NOT NULL PRIMARY KEY AUTOINCREMENT, "user_id" integer NOT NULL REFERENCES "auth_user" ("id") DEFERRABLE INITIALLY DEFERRED, "group_id" integer NOT NULL REFERENCES "auth_group" ("id") DEFERRABLE INITIALLY DEFERRED);
CREATE TABLE "auth_user_user_permissions" ("id" integer NOT NULL PRIMARY KEY AUTOINCREMENT, "user_id" integer NOT NULL REFERENCES "auth_user" ("id") DEFERRABLE INITIALLY DEFERRED, "permission_id" integer NOT NULL REFERENCES "auth_permission" ("id") DEFERRABLE INITIALLY DEFERRED);
CREATE TABLE "authtoken_token" ("key" varchar(40) NOT NULL PRIMARY KEY, "created" datetime NOT NULL, "user_id" integer NOT NULL UNIQUE REFERENCES "auth_user" ("id") DEFERRABLE INITIALLY DEFERRED);
CREATE TABLE "django_admin_log" ("id" integer NOT NULL PRIMARY KEY AUTOINCREMENT, "object_id" text NULL, "object_repr" varchar(200) NOT NULL, "action_flag" smallint unsigned NOT NULL CHECK ("action_flag" >= 0), "change_message" text NOT NULL, "content_type_id" integer NULL REFERENCES "django_content_type" ("id") DEFERRABLE INITIALLY DEFERRED, "user_id" integer NOT NULL REFERENCES "auth_user" ("id") DEFERRABLE INITIALLY DEFERRED, "action_time" datetime NOT NULL);
INSERT INTO "django_admin_log" VALUES(1,'1','ЩРНМ-1',1,'[{"added": {}}]',12,1,'2026-06-23 01:56:30.104498');
INSERT INTO "django_admin_log" VALUES(2,'2','ЩРНМ-3',1,'[{"added": {}}]',12,1,'2026-06-23 01:57:31.972623');
INSERT INTO "django_admin_log" VALUES(3,'3','ЩРНМ-5',1,'[{"added": {}}]',12,1,'2026-06-23 01:58:58.318965');
INSERT INTO "django_admin_log" VALUES(4,'4','ЩРНМ-6',1,'[{"added": {}}]',12,1,'2026-06-23 01:59:43.843390');
INSERT INTO "django_admin_log" VALUES(5,'1','BOLT',1,'[{"added": {}}]',9,1,'2026-06-23 02:01:48.767878');
INSERT INTO "django_admin_log" VALUES(6,'2','DIN',1,'[{"added": {}}]',9,1,'2026-06-23 02:01:53.255966');
INSERT INTO "django_admin_log" VALUES(7,'1','Contactor',1,'[{"added": {}}]',11,1,'2026-06-23 02:02:01.289917');
INSERT INTO "django_admin_log" VALUES(8,'1','Контактор CHINT NC1-2510 25А 230В/АС3 1НО 50Гц',2,'[{"changed": {"fields": ["\u041d\u0430\u0437\u0432\u0430\u043d\u0438\u0435"]}}]',11,1,'2026-06-23 02:03:45.322849');
INSERT INTO "django_admin_log" VALUES(9,'1','Контактор CHINT NC1-0910 9А 230В/АС3 1НО 50Гц',2,'[{"changed": {"fields": ["\u041d\u0430\u0437\u0432\u0430\u043d\u0438\u0435"]}}]',11,1,'2026-06-23 02:04:15.463702');
INSERT INTO "django_admin_log" VALUES(10,'2','Контактор CHINT NC1-1810 18А 230В/АС3 1НО 50Гц',1,'[{"added": {}}]',11,1,'2026-06-23 02:06:00.607909');
INSERT INTO "django_admin_log" VALUES(11,'3','Контактор CHINT NC1-2510 25А 230В/АС3 1НО 50Гц',1,'[{"added": {}}]',11,1,'2026-06-23 02:07:26.110874');
INSERT INTO "django_admin_log" VALUES(12,'4','Контактор CHINT NXC-32 32А 220В/АС3 1НО+1НЗ 50Гц',1,'[{"added": {}}]',11,1,'2026-06-23 02:09:39.788824');
INSERT INTO "django_admin_log" VALUES(13,'1','Автоматический выключатель ВА 47-63N 1P 16А (C) 4,5 кА PROXIMA EKF',1,'[{"added": {}}]',10,1,'2026-06-23 02:17:25.328373');
INSERT INTO "django_admin_log" VALUES(14,'2','Автоматический выключатель ВА 47-63N 1P 100А (C) 4,5 кА PROXIMA EKF',1,'[{"added": {}}]',10,1,'2026-06-23 02:19:46.058467');
INSERT INTO "django_admin_log" VALUES(15,'1','Устройство автоматического ввода резерва CHINT АВР 100А NXZM-125S/3B (R)',1,'[{"added": {}}]',13,1,'2026-06-23 02:22:06.267170');
INSERT INTO "django_admin_log" VALUES(16,'3','Автоматический выключатель ВА 47-63N 1P 63А (C) 4,5 кА PROXIMA EKF',1,'[{"added": {}}]',10,1,'2026-06-23 06:37:38.379491');
INSERT INTO "django_admin_log" VALUES(17,'3','Автоматический выключатель ВА 47-63N 1P 63А (C) 4,5 кА PROXIMA EKF',2,'[{"changed": {"fields": ["\u0426\u0435\u043d\u0430, \u0440\u0443\u0431"]}}]',10,1,'2026-06-23 06:38:39.854915');
INSERT INTO "django_admin_log" VALUES(18,'4','Автоматический выключатель ВА 47-63N 1P 10А (C) 4,5 кА PROXIMA EKF',1,'[{"added": {}}]',10,1,'2026-06-23 06:40:30.553477');
INSERT INTO "django_admin_log" VALUES(19,'5','Автоматический выключатель EKF 1P 20А (C) 4,5kA ВА 47-63 PROxima mcb4763-1-20C-pro',1,'[{"added": {}}]',10,1,'2026-06-23 06:45:39.260698');
INSERT INTO "django_admin_log" VALUES(20,'6','Автоматический выключатель ВА 47-63N 1P 20А (C) 4,5 кА PROXIMA EKF',1,'[{"added": {}}]',10,1,'2026-06-23 06:52:18.609984');
INSERT INTO "django_admin_log" VALUES(21,'4','Автоматический выключатель ВА 47-63N 1P 10А (C) 4,5 кА PROXIMA EKF',2,'[{"changed": {"fields": ["\u0412\u044b\u0441\u043e\u0442\u0430", "\u0428\u0438\u0440\u0438\u043d\u0430", "\u0413\u043b\u0443\u0431\u0438\u043d\u0430"]}}]',10,1,'2026-06-23 06:53:03.660334');
INSERT INTO "django_admin_log" VALUES(22,'1','Автоматический выключатель ВА 47-63N 1P 16А (C) 4,5 кА PROXIMA EKF',2,'[{"changed": {"fields": ["\u0412\u044b\u0441\u043e\u0442\u0430", "\u0428\u0438\u0440\u0438\u043d\u0430", "\u0413\u043b\u0443\u0431\u0438\u043d\u0430"]}}]',10,1,'2026-06-23 06:53:14.510175');
INSERT INTO "django_admin_log" VALUES(23,'6','Автоматический выключатель ВА 47-63N 1P 20А (C) 4,5 кА PROXIMA EKF',2,'[]',10,1,'2026-06-23 06:53:20.631396');
INSERT INTO "django_admin_log" VALUES(24,'3','Автоматический выключатель ВА 47-63N 1P 63А (C) 4,5 кА PROXIMA EKF',2,'[{"changed": {"fields": ["\u0412\u044b\u0441\u043e\u0442\u0430", "\u0428\u0438\u0440\u0438\u043d\u0430", "\u0413\u043b\u0443\u0431\u0438\u043d\u0430"]}}]',10,1,'2026-06-23 06:53:35.948275');
INSERT INTO "django_admin_log" VALUES(25,'2','Автоматический выключатель ВА 47-63N 1P 100А (C) 4,5 кА PROXIMA EKF',2,'[{"changed": {"fields": ["\u0412\u044b\u0441\u043e\u0442\u0430", "\u0428\u0438\u0440\u0438\u043d\u0430", "\u0413\u043b\u0443\u0431\u0438\u043d\u0430"]}}]',10,1,'2026-06-23 06:53:50.195439');
INSERT INTO "django_admin_log" VALUES(26,'7','Автоматический выключатель ВА 47-63N 1P 5А (C) 4,5 кА PROXIMA EKF',1,'[{"added": {}}]',10,1,'2026-06-23 06:54:59.435028');
INSERT INTO "django_admin_log" VALUES(27,'8','Автоматический выключатель ВА 47-63N 1P 50А (C) 4,5 кА PROXIMA EKF',1,'[{"added": {}}]',10,1,'2026-06-23 06:56:41.748232');
INSERT INTO "django_admin_log" VALUES(28,'2','Автоматический выключатель ВА 47-63N 1P 100А (C) 4,5 кА PROXIMA EKF',2,'[]',10,1,'2026-06-23 06:57:04.049739');
INSERT INTO "django_admin_log" VALUES(29,'2','Автоматический выключатель ВА 47-100 1P 100А (D) 10kA PROXIMA EKF',2,'[{"changed": {"fields": ["\u041c\u0430\u0441\u0441\u0430, \u043a\u0433", "\u0426\u0435\u043d\u0430, \u0440\u0443\u0431", "\u041d\u0430\u0437\u0432\u0430\u043d\u0438\u0435", "\u0412\u044b\u0441\u043e\u0442\u0430", "\u0428\u0438\u0440\u0438\u043d\u0430", "\u0413\u043b\u0443\u0431\u0438\u043d\u0430", "\u041f\u0443\u0442\u044c \u043a \u0444\u0430\u0439\u043b\u0443"]}}]',10,1,'2026-06-23 06:58:58.114780');
INSERT INTO "django_admin_log" VALUES(30,'5','Автоматический выключатель EKF 1P 20А (C) 4,5kA ВА 47-63 PROxima mcb4763-1-20C-pro',3,'',10,1,'2026-06-23 06:59:08.793469');
INSERT INTO "django_admin_log" VALUES(31,'2','Автоматический выключатель ВА 47-100 1P 100А (D) 10kA PROXIMA EKF',2,'[{"changed": {"fields": ["\u041c\u0430\u0441\u0441\u0430, \u043a\u0433"]}}]',10,1,'2026-06-23 06:59:56.133766');
INSERT INTO "django_admin_log" VALUES(32,'9','Автоматический выключатель ВА 47-100 1P 125А (C) 10kA PROXIMA EKF',1,'[{"added": {}}]',10,1,'2026-06-23 07:01:13.333374');
CREATE TABLE "django_content_type" ("id" integer NOT NULL PRIMARY KEY AUTOINCREMENT, "app_label" varchar(100) NOT NULL, "model" varchar(100) NOT NULL);
INSERT INTO "django_content_type" VALUES(1,'admin','logentry');
INSERT INTO "django_content_type" VALUES(2,'auth','permission');
INSERT INTO "django_content_type" VALUES(3,'auth','group');
INSERT INTO "django_content_type" VALUES(4,'auth','user');
INSERT INTO "django_content_type" VALUES(5,'contenttypes','contenttype');
INSERT INTO "django_content_type" VALUES(6,'sessions','session');
INSERT INTO "django_content_type" VALUES(7,'authtoken','token');
INSERT INTO "django_content_type" VALUES(8,'authtoken','tokenproxy');
INSERT INTO "django_content_type" VALUES(9,'elements','fiksator');
INSERT INTO "django_content_type" VALUES(10,'elements','automat');
INSERT INTO "django_content_type" VALUES(11,'elements','contactor');
INSERT INTO "django_content_type" VALUES(12,'elements','cabinet');
INSERT INTO "django_content_type" VALUES(13,'elements','abr');
CREATE TABLE "django_migrations" ("id" integer NOT NULL PRIMARY KEY AUTOINCREMENT, "app" varchar(255) NOT NULL, "name" varchar(255) NOT NULL, "applied" datetime NOT NULL);
INSERT INTO "django_migrations" VALUES(1,'contenttypes','0001_initial','2026-06-23 01:53:47.112054');
INSERT INTO "django_migrations" VALUES(2,'auth','0001_initial','2026-06-23 01:53:47.202734');
INSERT INTO "django_migrations" VALUES(3,'admin','0001_initial','2026-06-23 01:53:47.298622');
INSERT INTO "django_migrations" VALUES(4,'admin','0002_logentry_remove_auto_add','2026-06-23 01:53:47.343243');
INSERT INTO "django_migrations" VALUES(5,'admin','0003_logentry_add_action_flag_choices','2026-06-23 01:53:47.388712');
INSERT INTO "django_migrations" VALUES(6,'contenttypes','0002_remove_content_type_name','2026-06-23 01:53:47.447213');
INSERT INTO "django_migrations" VALUES(7,'auth','0002_alter_permission_name_max_length','2026-06-23 01:53:47.522724');
INSERT INTO "django_migrations" VALUES(8,'auth','0003_alter_user_email_max_length','2026-06-23 01:53:47.574712');
INSERT INTO "django_migrations" VALUES(9,'auth','0004_alter_user_username_opts','2026-06-23 01:53:47.614994');
INSERT INTO "django_migrations" VALUES(10,'auth','0005_alter_user_last_login_null','2026-06-23 01:53:47.667726');
INSERT INTO "django_migrations" VALUES(11,'auth','0006_require_contenttypes_0002','2026-06-23 01:53:47.705500');
INSERT INTO "django_migrations" VALUES(12,'auth','0007_alter_validators_add_error_messages','2026-06-23 01:53:47.747160');
INSERT INTO "django_migrations" VALUES(13,'auth','0008_alter_user_username_max_length','2026-06-23 01:53:47.796530');
INSERT INTO "django_migrations" VALUES(14,'auth','0009_alter_user_last_name_max_length','2026-06-23 01:53:47.842137');
INSERT INTO "django_migrations" VALUES(15,'auth','0010_alter_group_name_max_length','2026-06-23 01:53:47.891453');
INSERT INTO "django_migrations" VALUES(16,'auth','0011_update_proxy_permissions','2026-06-23 01:53:47.936585');
INSERT INTO "django_migrations" VALUES(17,'auth','0012_alter_user_first_name_max_length','2026-06-23 01:53:47.985582');
INSERT INTO "django_migrations" VALUES(18,'authtoken','0001_initial','2026-06-23 01:53:48.029391');
INSERT INTO "django_migrations" VALUES(19,'authtoken','0002_auto_20160226_1747','2026-06-23 01:53:48.083989');
INSERT INTO "django_migrations" VALUES(20,'authtoken','0003_tokenproxy','2026-06-23 01:53:48.128001');
INSERT INTO "django_migrations" VALUES(21,'authtoken','0004_alter_tokenproxy_options','2026-06-23 01:53:48.168483');
INSERT INTO "django_migrations" VALUES(22,'sessions','0001_initial','2026-06-23 01:53:48.250384');
INSERT INTO "django_migrations" VALUES(23,'elements','0001_initial','2026-06-23 01:54:05.426739');
CREATE TABLE "django_session" ("session_key" varchar(40) NOT NULL PRIMARY KEY, "session_data" text NOT NULL, "expire_date" datetime NOT NULL);
INSERT INTO "django_session" VALUES('cnbu56j6kwstv41e3fjqdos6q6am6fbn','.eJxVjMsOwiAQRf-FtSFlGB66dN9vIAMMUjU0Ke3K-O_apAvd3nPOfYlA21rD1nkJUxYXocTpd4uUHtx2kO_UbrNMc1uXKcpdkQftcpwzP6-H-3dQqddvjVYnLugHE0FBxmQYMiVvgUBH5Qoa5X3hs83WRdZ-0AjsOCFERo3i_QHcNjeh:1wbqMO:EmYbSML1hUeshnki2ysCSG7GjjfT-H8SUxyqM-bUwc8','2026-07-07 01:55:32.096909');
INSERT INTO "django_session" VALUES('lnvsuz87x95o0rmgz5tw2am29p0cpxge','.eJxVjMsOwiAQRf-FtSFlGB66dN9vIAMMUjU0Ke3K-O_apAvd3nPOfYlA21rD1nkJUxYXocTpd4uUHtx2kO_UbrNMc1uXKcpdkQftcpwzP6-H-3dQqddvjVYnLugHE0FBxmQYMiVvgUBH5Qoa5X3hs83WRdZ-0AjsOCFERo3i_QHcNjeh:1wbsU8:sn08GFbUbXcYZT9_rOXHv8QK8MhinNWfgqqbKxhN13Q','2026-07-07 04:11:40.180264');
INSERT INTO "django_session" VALUES('9x2jictz73nrd000ggxnc0vmq75mxqye','.eJxVjMsOwiAQRf-FtSFlGB66dN9vIAMMUjU0Ke3K-O_apAvd3nPOfYlA21rD1nkJUxYXocTpd4uUHtx2kO_UbrNMc1uXKcpdkQftcpwzP6-H-3dQqddvjVYnLugHE0FBxmQYMiVvgUBH5Qoa5X3hs83WRdZ-0AjsOCFERo3i_QHcNjeh:1wbui7:ccT7YiUvaTN9d-HTo78DxO5-Vn0Tu9ikTIRBtGDyUp0','2026-07-07 06:34:15.714042');
CREATE TABLE "elements_abr" ("id" integer NOT NULL PRIMARY KEY AUTOINCREMENT, "mass" real NOT NULL, "price" real NOT NULL, "name" varchar(150) NOT NULL, "A" real NOT NULL, "B" real NOT NULL, "C" real NOT NULL, "Path" text NOT NULL, "i" real NOT NULL, "fiksator_id" bigint NOT NULL REFERENCES "elements_fiksator" ("id") DEFERRABLE INITIALLY DEFERRED);
INSERT INTO "elements_abr" VALUES(1,1.5,50000.0,'Устройство автоматического ввода резерва CHINT АВР 100А NXZM-125S/3B (R)',312.0,223.0,178.0,'авр/32A.glb',100.0,1);
CREATE TABLE "elements_automat" ("id" integer NOT NULL PRIMARY KEY AUTOINCREMENT, "mass" real NOT NULL, "price" real NOT NULL, "name" varchar(150) NOT NULL, "i" real NOT NULL, "Phase" integer NOT NULL, "A" real NOT NULL, "B" real NOT NULL, "C" real NOT NULL, "Path" text NOT NULL, "fiksator_id" bigint NOT NULL REFERENCES "elements_fiksator" ("id") DEFERRABLE INITIALLY DEFERRED);
INSERT INTO "elements_automat" VALUES(1,0.1,500.0,'Автоматический выключатель ВА 47-63N 1P 16А (C) 4,5 кА PROXIMA EKF',16.0,1,87.5,17.8,74.5,'automat/Автоматический выключатель ВА 47-63N 1P 16А (C) 4,5 кА PROXIMA EKF.glb',2);
INSERT INTO "elements_automat" VALUES(2,0.176,1037.0,'Автоматический выключатель ВА 47-100 1P 100А (D) 10kA PROXIMA EKF',100.0,3,83.0,27.0,72.7,'automat/Автоматический выключатель ВА 47-100 1P 100А (D) 10kA PROXIMA EKF.glb',2);
INSERT INTO "elements_automat" VALUES(3,0.1,289.0,'Автоматический выключатель ВА 47-63N 1P 63А (C) 4,5 кА PROXIMA EKF',63.0,1,87.5,17.8,74.5,'automat/Автоматический выключатель ВА 47-63N 1P 63А (C) 4,5 кА PROXIMA EKF.glb',2);
INSERT INTO "elements_automat" VALUES(4,0.1,217.0,'Автоматический выключатель ВА 47-63N 1P 10А (C) 4,5 кА PROXIMA EKF',10.0,1,87.5,17.5,74.5,'automat/Автоматический выключатель ВА 47-63N 1P 10А (C) 4,5 кА PROXIMA EKF.glb',2);
INSERT INTO "elements_automat" VALUES(6,0.1,230.0,'Автоматический выключатель ВА 47-63N 1P 20А (C) 4,5 кА PROXIMA EKF',20.0,1,87.5,17.8,74.5,'automat/Автоматический выключатель ВА 47-63N 1P 20А (C) 4,5 кА PROXIMA EKF.glb',2);
INSERT INTO "elements_automat" VALUES(7,0.1,308.0,'Автоматический выключатель ВА 47-63N 1P 5А (C) 4,5 кА PROXIMA EKF',5.0,1,87.5,17.8,74.5,'automat/Автоматический выключатель ВА 47-63N 1P 5А (C) 4,5 кА PROXIMA EKF.glb',2);
INSERT INTO "elements_automat" VALUES(8,0.1,289.0,'Автоматический выключатель ВА 47-63N 1P 50А (C) 4,5 кА PROXIMA EKF',50.0,1,87.5,17.8,74.5,'automat/Автоматический выключатель ВА 47-63N 1P 50А (C) 4,5 кА PROXIMA EKF.glb',2);
INSERT INTO "elements_automat" VALUES(9,0.176,1274.0,'Автоматический выключатель ВА 47-100 1P 125А (C) 10kA PROXIMA EKF',125.0,1,83.0,27.0,72.7,'automat/Автоматический выключатель ВА 47-100 1P 125А (C) 10kA PROXIMA EKF.glb',2);
CREATE TABLE "elements_cabinet" ("id" integer NOT NULL PRIMARY KEY AUTOINCREMENT, "mass" real NOT NULL, "price" real NOT NULL, "name" varchar(150) NOT NULL, "A" real NOT NULL, "B" real NOT NULL, "C" real NOT NULL, "A_panel" real NOT NULL, "B_panel" real NOT NULL, "C_panel" real NOT NULL, "Path" text NOT NULL);
INSERT INTO "elements_cabinet" VALUES(1,6.02,5240.0,'ЩРНМ-1',400.0,300.0,200.0,362.0,232.0,13.9,'shield/ЩРНМ-1.glb');
INSERT INTO "elements_cabinet" VALUES(2,14.73,10139.0,'ЩРНМ-3',650.0,500.0,220.0,602.0,432.0,13.9,'shield/ЩРНМ-3.glb');
INSERT INTO "elements_cabinet" VALUES(3,35.0,16533.0,'ЩРНМ-5',1000.0,650.0,300.0,902.0,562.0,13.9,'shield/ЩРНМ-5.glb');
INSERT INTO "elements_cabinet" VALUES(4,46.0,25119.0,'ЩРНМ-6',1200.0,750.0,300.0,1102.0,662.0,13.9,'shield/ЩРНМ-6.glb');
CREATE TABLE "elements_contactor" ("id" integer NOT NULL PRIMARY KEY AUTOINCREMENT, "mass" real NOT NULL, "price" real NOT NULL, "name" varchar(150) NOT NULL, "i" real NOT NULL, "Phase" integer NOT NULL, "A" real NOT NULL, "B" real NOT NULL, "C" real NOT NULL, "Path" text NOT NULL, "fiksator_id" bigint NOT NULL REFERENCES "elements_fiksator" ("id") DEFERRABLE INITIALLY DEFERRED);
INSERT INTO "elements_contactor" VALUES(1,0.34,698.0,'Контактор CHINT NC1-0910 9А 230В/АС3 1НО 50Гц',9.0,3,71.0,45.5,0.0,'contactor/9A.glb',2);
INSERT INTO "elements_contactor" VALUES(2,0.35,926.0,'Контактор CHINT NC1-1810 18А 230В/АС3 1НО 50Гц',18.0,3,71.0,46.3,0.0,'contactor/18A.glb',1);
INSERT INTO "elements_contactor" VALUES(3,0.54,1211.0,'Контактор CHINT NC1-2510 25А 230В/АС3 1НО 50Гц',25.0,3,80.0,56.6,0.0,'contactor/25A.glb',1);
INSERT INTO "elements_contactor" VALUES(4,0.55,1289.0,'Контактор CHINT NXC-32 32А 220В/АС3 1НО+1НЗ 50Гц',32.0,3,81.0,56.6,0.0,'contactor/32A.glb',1);
CREATE TABLE "elements_fiksator" ("id" integer NOT NULL PRIMARY KEY AUTOINCREMENT, "name" varchar(150) NOT NULL);
INSERT INTO "elements_fiksator" VALUES(1,'BOLT');
INSERT INTO "elements_fiksator" VALUES(2,'DIN');
CREATE UNIQUE INDEX "auth_group_permissions_group_id_permission_id_0cd325b0_uniq" ON "auth_group_permissions" ("group_id", "permission_id");
CREATE INDEX "auth_group_permissions_group_id_b120cbf9" ON "auth_group_permissions" ("group_id");
CREATE INDEX "auth_group_permissions_permission_id_84c5c92e" ON "auth_group_permissions" ("permission_id");
CREATE UNIQUE INDEX "auth_user_groups_user_id_group_id_94350c0c_uniq" ON "auth_user_groups" ("user_id", "group_id");
CREATE INDEX "auth_user_groups_user_id_6a12ed8b" ON "auth_user_groups" ("user_id");
CREATE INDEX "auth_user_groups_group_id_97559544" ON "auth_user_groups" ("group_id");
CREATE UNIQUE INDEX "auth_user_user_permissions_user_id_permission_id_14a6b632_uniq" ON "auth_user_user_permissions" ("user_id", "permission_id");
CREATE INDEX "auth_user_user_permissions_user_id_a95ead1b" ON "auth_user_user_permissions" ("user_id");
CREATE INDEX "auth_user_user_permissions_permission_id_1fbb5f2c" ON "auth_user_user_permissions" ("permission_id");
CREATE INDEX "django_admin_log_content_type_id_c4bce8eb" ON "django_admin_log" ("content_type_id");
CREATE INDEX "django_admin_log_user_id_c564eba6" ON "django_admin_log" ("user_id");
CREATE UNIQUE INDEX "django_content_type_app_label_model_76bd3d3b_uniq" ON "django_content_type" ("app_label", "model");
CREATE UNIQUE INDEX "auth_permission_content_type_id_codename_01ab375a_uniq" ON "auth_permission" ("content_type_id", "codename");
CREATE INDEX "auth_permission_content_type_id_2f476e4b" ON "auth_permission" ("content_type_id");
CREATE INDEX "django_session_expire_date_a5c62663" ON "django_session" ("expire_date");
CREATE INDEX "elements_contactor_fiksator_id_7bf1952a" ON "elements_contactor" ("fiksator_id");
CREATE INDEX "elements_automat_fiksator_id_9a1dd750" ON "elements_automat" ("fiksator_id");
CREATE INDEX "elements_abr_fiksator_id_10bc90f0" ON "elements_abr" ("fiksator_id");
DELETE FROM "sqlite_sequence";
INSERT INTO "sqlite_sequence" VALUES('django_migrations',23);
INSERT INTO "sqlite_sequence" VALUES('django_admin_log',32);
INSERT INTO "sqlite_sequence" VALUES('django_content_type',13);
INSERT INTO "sqlite_sequence" VALUES('auth_permission',52);
INSERT INTO "sqlite_sequence" VALUES('auth_group',0);
INSERT INTO "sqlite_sequence" VALUES('auth_user',1);
INSERT INTO "sqlite_sequence" VALUES('elements_cabinet',4);
INSERT INTO "sqlite_sequence" VALUES('elements_fiksator',2);
INSERT INTO "sqlite_sequence" VALUES('elements_contactor',4);
INSERT INTO "sqlite_sequence" VALUES('elements_automat',9);
INSERT INTO "sqlite_sequence" VALUES('elements_abr',1);
COMMIT;
